controller,candidate_id,scenario,final_tip_speed_m_s,tip_speed_rms_m_s,task_acquired,old_speed_gate_pass,new_speed_gate_pass,speed_gate_changed
Task-LQI,lqi_01,task_acquire_calm,0.0002444469070674718,0.07754640256779076,True,True,True,False
Task-LQI,lqi_01,task_acquire_crosswind,0.007303408947720231,0.1177175355069134,False,False,True,True
Task-LQI,lqi_02,task_acquire_calm,0.0017436479475368477,0.0880962860469706,True,True,True,False
Task-LQI,lqi_02,task_acquire_crosswind,0.017033730061253523,0.1281894446522358,False,False,True,True
Task-LQI,lqi_03,task_acquire_calm,0.002481003101665269,0.12041781510480651,True,False,True,True
Task-LQI,lqi_03,task_acquire_crosswind,0.01838667907951689,0.16104213958303193,False,False,True,True
Task-LQI,lqi_04,task_acquire_calm,0.09800156775212503,0.4604222888894445,False,False,True,True
Task-LQI,lqi_04,task_acquire_crosswind,0.02984004122925432,0.4383967586654489,False,False,True,True
ITS-RMPC,its_001,task_acquire_calm,7.814699168328485,5.836602767142852,False,False,False,False
ITS-RMPC,its_001,task_acquire_crosswind,4.849106680627859,3.2124366245699814,False,False,False,False
ITS-RMPC,its_002,task_acquire_calm,1.4997725799562145e-08,1.2913487135192908e-08,False,True,True,False
ITS-RMPC,its_002,task_acquire_crosswind,1.0416429706417556,0.5445248311145496,False,False,False,False
ITS-RMPC,its_003,task_acquire_calm,0.001922927355738365,0.08477766166950294,True,True,True,False
ITS-RMPC,its_003,task_acquire_crosswind,0.005051008093788484,0.12293935224399632,False,False,True,True
ITS-RMPC,its_004,task_acquire_calm,0.00042895060396244705,0.07819258713612781,True,True,True,False
ITS-RMPC,its_004,task_acquire_crosswind,0.006723742298693066,0.11589522622944122,False,False,True,True
ITS-RMPC,its_005,task_acquire_calm,7.814699179513715,5.836602664579101,False,False,False,False
ITS-RMPC,its_005,task_acquire_crosswind,4.8491144418631205,3.2124560482771654,False,False,False,False
ITS-RMPC,its_006,task_acquire_calm,1.5194319761088722e-08,1.4215091141183946e-08,False,True,True,False
ITS-RMPC,its_006,task_acquire_crosswind,1.0416469990143808,0.5445263187839177,False,False,False,False
ITS-RMPC,its_007,task_acquire_calm,0.01404686617400395,0.09274174602557979,True,True,True,False
ITS-RMPC,its_007,task_acquire_crosswind,0.014704488339820002,0.12899291515579284,False,False,True,True
ITS-RMPC,its_008,task_acquire_calm,0.0005271371662788709,0.07888401600968556,True,True,True,False
ITS-RMPC,its_008,task_acquire_crosswind,0.006596672568719018,0.11610677740787187,False,False,True,True
ITS-RMPC,its_009,task_acquire_calm,7.814699177587085,5.836602852294263,False,False,False,False
ITS-RMPC,its_009,task_acquire_crosswind,4.849110508685048,3.2124461128794786,False,False,False,False
ITS-RMPC,its_010,task_acquire_calm,8.392024286320179e-08,7.467296973914073e-08,False,True,True,False
ITS-RMPC,its_010,task_acquire_crosswind,1.041640868794959,0.5445239668226929,False,False,False,False
ITS-RMPC,its_011,task_acquire_calm,0.0031181224272373376,0.09487426372658281,True,True,True,False
ITS-RMPC,its_011,task_acquire_crosswind,0.012773311393576472,0.13244500807956475,False,False,True,True
ITS-RMPC,its_012,task_acquire_calm,0.001978520972709072,0.0912171651946732,True,True,True,False
ITS-RMPC,its_012,task_acquire_crosswind,0.015343917142444187,0.12729214909371778,False,False,True,True
ITS-RMPC,its_013,task_acquire_calm,7.81469910527246,5.836602575838272,False,False,False,False
ITS-RMPC,its_013,task_acquire_crosswind,4.8491098410374285,3.2124444328481214,False,False,False,False
ITS-RMPC,its_014,task_acquire_calm,3.787505063909779e-08,3.476400510942182e-08,False,True,True,False
ITS-RMPC,its_014,task_acquire_crosswind,1.0416468066391724,0.5445262137632721,False,False,False,False
ITS-RMPC,its_015,task_acquire_calm,0.01714746593808899,0.10467167163987433,True,False,True,True
ITS-RMPC,its_015,task_acquire_crosswind,0.01251999754305574,0.14014253732808432,False,False,True,True
ITS-RMPC,its_016,task_acquire_calm,0.0021048815710754767,0.09212009418548664,True,True,True,False
ITS-RMPC,its_016,task_acquire_crosswind,0.014962483475157776,0.12773854934978415,False,False,True,True
ITS-RMPC,its_017,task_acquire_calm,7.814699182828179,5.836602803848848,False,False,False,False
ITS-RMPC,its_017,task_acquire_crosswind,4.849110515353892,3.212446114265279,False,False,False,False
ITS-RMPC,its_018,task_acquire_calm,1.417459042715008e-06,1.2724495033543209e-06,False,True,True,False
ITS-RMPC,its_018,task_acquire_crosswind,1.0416166315871274,0.5445144573314782,False,False,False,False
ITS-RMPC,its_019,task_acquire_calm,0.0010347878781084413,0.1250389135707664,True,False,True,True
ITS-RMPC,its_019,task_acquire_crosswind,0.004697015932720706,0.16172685454568014,True,False,True,True
ITS-RMPC,its_020,task_acquire_calm,2.32479035774871,0.9543515550993412,False,False,False,False
ITS-RMPC,its_020,task_acquire_crosswind,0.0113578883569984,0.17964961435391635,True,False,True,True
ITS-RMPC,its_021,task_acquire_calm,7.814699174590006,5.83660280222005,False,False,False,False
ITS-RMPC,its_021,task_acquire_crosswind,4.849110460993021,3.2124460629310754,False,False,False,False
ITS-RMPC,its_022,task_acquire_calm,1.4639071734144188e-07,1.3277218666279566e-07,False,True,True,False
ITS-RMPC,its_022,task_acquire_crosswind,1.0416486532539972,0.5445268967329514,False,False,False,False
ITS-RMPC,its_023,task_acquire_calm,0.03974840973475916,0.1436766679291536,True,False,True,True
ITS-RMPC,its_023,task_acquire_crosswind,0.04373448580009879,0.17682457255336057,True,False,True,True
ITS-RMPC,its_024,task_acquire_calm,0.002167799064355054,0.18350795426566022,True,False,True,True
ITS-RMPC,its_024,task_acquire_crosswind,0.00925909139044829,0.18259512110492507,True,False,True,True
ITS-RMPC,its_025,task_acquire_calm,7.814699183457225,5.836602713874007,False,False,False,False
ITS-RMPC,its_025,task_acquire_crosswind,4.849094474421797,3.212407452685847,False,False,False,False
ITS-RMPC,its_026,task_acquire_calm,1.362634789791832e-06,1.2862739229319827e-06,False,True,True,False
ITS-RMPC,its_026,task_acquire_crosswind,1.0416504329096392,0.544527602456281,False,False,False,False
ITS-RMPC,its_027,task_acquire_calm,2.303531199819202,2.1074442728152034,False,False,False,False
ITS-RMPC,its_027,task_acquire_crosswind,2.098590751294484,1.6506921107363905,False,False,False,False
ITS-RMPC,its_028,task_acquire_calm,3.322638516569418,2.1398883102425796,False,False,False,False
ITS-RMPC,its_028,task_acquire_crosswind,2.820006584541898,1.6751439686473417,False,False,False,False
ITS-RMPC,its_029,task_acquire_calm,7.814698989911552,5.836602729261656,False,False,False,False
ITS-RMPC,its_029,task_acquire_crosswind,4.849110507419851,3.2124460849517047,False,False,False,False
ITS-RMPC,its_030,task_acquire_calm,1.2893708241800615e-07,1.1870726018554782e-07,False,True,True,False
ITS-RMPC,its_030,task_acquire_crosswind,1.0416513739249231,0.5445278537595903,False,False,False,False
ITS-RMPC,its_031,task_acquire_calm,2.434586898166477,2.0278550634214394,False,False,False,False
ITS-RMPC,its_031,task_acquire_crosswind,3.648337709536313,1.7082357778978294,False,False,False,False
ITS-RMPC,its_032,task_acquire_calm,0.8836806523342646,2.0656750732416698,False,False,False,False
ITS-RMPC,its_032,task_acquire_crosswind,3.8703009998905897,1.704166194361503,False,False,False,False
