index,joint_angle_weight,joint_velocity_weight,input_weight,Q_diagonal,R,K,closed_loop_eigenvalues,dare_success,spectral_radius,dare_residual_norm,safe_gate,approach_tip_improvement,score,approach_x_rmse,crosswind_x_rmse,approach_tip_rms,crosswind_tip_rms
1,20.0,3.0,0.5,"[20.0,4.0,8.0,2.0,4.0,1.0,20.0,20.0,20.0,20.0,20.0,3.0,3.0,3.0,3.0,3.0]",[[0.5]],"[5.679948196453383,7.3298980478539235,-3.600358202333283e-15,-1.3303642117887126e-16,31.01503537550532,6.498237307208427,-6.6947895373309265,1.8442766839391203,4.06085140940188,3.2672550701769945,1.7382583997994947,3.559601421528814,2.8014047225116583,2.033973606369446,1.3154408812268585,0.6618249413283799]","[{""real"":0.20103376558984137,""imag"":0.0,""abs"":0.20103376558984137},{""real"":0.01657160006279931,""imag"":0.0,""abs"":0.01657160006279931},{""real"":0.007418611858382973,""imag"":0.0,""abs"":0.007418611858382973},{""real"":0.006183842012284018,""imag"":0.0,""abs"":0.006183842012284018},{""real"":0.7836362789697036,""imag"":0.2143262143529386,""abs"":0.812417099694698},{""real"":0.7836362789697036,""imag"":-0.2143262143529386,""abs"":0.812417099694698},{""real"":0.9819947012179175,""imag"":0.09028764512045333,""abs"":0.986136629520202},{""real"":0.9819947012179175,""imag"":-0.09028764512045333,""abs"":0.986136629520202},{""real"":0.8807456321241701,""imag"":0.0,""abs"":0.8807456321241701},{""real"":0.9189069657438503,""imag"":0.049096493918528585,""abs"":0.9202176250255489},{""real"":0.9189069657438503,""imag"":-0.049096493918528585,""abs"":0.9202176250255489},{""real"":0.931404162907798,""imag"":0.0,""abs"":0.931404162907798},{""real"":0.9745788666549108,""imag"":0.0,""abs"":0.9745788666549108},{""real"":0.9688501986048242,""imag"":0.0,""abs"":0.9688501986048242},{""real"":0.914670774383525,""imag"":0.0442880170384386,""abs"":0.9157423513000555},{""real"":0.914670774383525,""imag"":-0.0442880170384386,""abs"":0.9157423513000555}]",True,0.9861366295202021,1.7380677363653037e-11,False,True,0.4855386031441532,0.12295416160940996,0.11438593342904334,0.15183331444014708,0.04764741852975159
2,20.0,3.0,1.0,"[20.0,4.0,8.0,2.0,4.0,1.0,20.0,20.0,20.0,20.0,20.0,3.0,3.0,3.0,3.0,3.0]",[[1.0]],"[4.0967288722735535,5.733731107698003,7.589810972620153e-15,-2.8928144016534127e-17,25.533043341378956,6.189338737012966,-7.281937243350542,1.1815783925245753,3.3553356987364547,2.7284539635607845,1.4544320003160862,3.6583434742270846,2.9011953531141104,2.1255333527220683,1.3871058580980773,0.7046732155540748]","[{""real"":0.20180172106341282,""imag"":0.0,""abs"":0.20180172106341282},{""real"":0.01656770315247305,""imag"":0.0,""abs"":0.01656770315247305},{""real"":0.00741787056554448,""imag"":0.0,""abs"":0.00741787056554448},{""real"":0.006183726331752685,""imag"":0.0,""abs"":0.006183726331752685},{""real"":0.7882361852349815,""imag"":0.21726716033957427,""abs"":0.8176315201090393},{""real"":0.7882361852349815,""imag"":-0.21726716033957427,""abs"":0.8176315201090393},{""real"":0.9827327597924065,""imag"":0.08751871104716388,""abs"":0.9866221171008466},{""real"":0.9827327597924065,""imag"":-0.08751871104716388,""abs"":0.9866221171008466},{""real"":0.8792599882180738,""imag"":0.0,""abs"":0.8792599882180738},{""real"":0.9300596154029285,""imag"":0.04505648592502518,""abs"":0.9311503504415145},{""real"":0.9300596154029285,""imag"":-0.04505648592502518,""abs"":0.9311503504415145},{""real"":0.9318388497837362,""imag"":0.0,""abs"":0.9318388497837362},{""real"":0.9745807968639351,""imag"":0.0,""abs"":0.9745807968639351},{""real"":0.9688502093920307,""imag"":0.0,""abs"":0.9688502093920307},{""real"":0.9146707743835242,""imag"":0.044288017038438494,""abs"":0.9157423513000548},{""real"":0.9146707743835242,""imag"":-0.044288017038438494,""abs"":0.9157423513000548}]",True,0.9866221171008466,3.785575192560231e-11,False,True,0.3926912181700937,0.13938456529558876,0.13535312426897567,0.13971625725774572,0.047625072810021526
3,20.0,3.0,2.0,"[20.0,4.0,8.0,2.0,4.0,1.0,20.0,20.0,20.0,20.0,20.0,3.0,3.0,3.0,3.0,3.0]",[[2.0]],"[2.940104787702546,4.475186045295324,5.89039304233404e-15,-7.675976798826309e-16,20.717443206349575,5.746160890904528,-7.944577671801433,0.4293099666141586,2.559792478291737,2.123313463516843,1.1346509474316262,3.55425317555845,2.8319338857671346,2.084997390513112,1.3672741699755129,0.6982642035558804]","[{""real"":0.20218626498117928,""imag"":0.0,""abs"":0.20218626498117928},{""real"":0.016565757384275438,""imag"":0.0,""abs"":0.016565757384275438},{""real"":0.007417500044625286,""imag"":0.0,""abs"":0.007417500044625286},{""real"":0.006183668452195542,""imag"":0.0,""abs"":0.006183668452195542},{""real"":0.790674528706017,""imag"":0.21873087667288366,""abs"":0.8203715053282692},{""real"":0.790674528706017,""imag"":-0.21873087667288366,""abs"":0.8203715053282692},{""real"":0.9837566097050512,""imag"":0.08472075616960215,""abs"":0.9873979307575673},{""real"":0.9837566097050512,""imag"":-0.08472075616960215,""abs"":0.9873979307575673},{""real"":0.8784784382557342,""imag"":0.0,""abs"":0.8784784382557342},{""real"":0.9396032006490908,""imag"":0.04119396237127893,""abs"":0.9405057773378438},{""real"":0.9396032006490908,""imag"":-0.04119396237127893,""abs"":0.9405057773378438},{""real"":0.9323619089574084,""imag"":0.0,""abs"":0.9323619089574084},{""real"":0.9745846295724484,""imag"":0.0,""abs"":0.9745846295724484},{""real"":0.9688502305955301,""imag"":0.0,""abs"":0.9688502305955301},{""real"":0.9146707743835244,""imag"":0.044288017038439084,""abs"":0.915742351300055},{""real"":0.9146707743835244,""imag"":-0.044288017038439084,""abs"":0.915742351300055}]",True,0.9873979307575672,2.150393154881656e-10,False,True,0.3058284754236079,0.15664392205923466,0.16047302311757286,0.13232377441454865,0.04755100351241703
4,20.0,6.0,0.5,"[20.0,4.0,8.0,2.0,4.0,1.0,20.0,20.0,20.0,20.0,20.0,6.0,6.0,6.0,6.0,6.0]",[[0.5]],"[5.615743534272052,7.320738077226272,-4.302687785159798e-14,-7.020516021726264e-15,31.491261922858875,6.811910585933821,-6.929552539083706,1.597494977347722,3.8288069321994365,3.0877139630932944,1.640353320333565,3.665452008195027,2.8634906745025575,2.0654155365021096,1.3290630182298728,0.665676581865873]","[{""real"":0.19972698709545045,""imag"":0.0,""abs"":0.19972698709545045},{""real"":0.016579860083500864,""imag"":0.0,""abs"":0.016579860083500864},{""real"":0.007420116801791815,""imag"":0.0,""abs"":0.007420116801791815},{""real"":0.006184076264359362,""imag"":0.0,""abs"":0.006184076264359362},{""real"":0.7773824557225298,""imag"":0.20951318184703205,""abs"":0.8051206467560366},{""real"":0.7773824557225298,""imag"":-0.20951318184703205,""abs"":0.8051206467560366},{""real"":0.9817660925003565,""imag"":0.08982080415332931,""abs"":0.9858663384263453},{""real"":0.9817660925003565,""imag"":-0.08982080415332931,""abs"":0.9858663384263453},{""real"":0.8816162637614291,""imag"":0.0,""abs"":0.8816162637614291},{""real"":0.9191996389010623,""imag"":0.04919438873188491,""abs"":0.9205151079903833},{""real"":0.9191996389010623,""imag"":-0.04919438873188491,""abs"":0.9205151079903833},{""real"":0.9314074304032105,""imag"":0.0,""abs"":0.9314074304032105},{""real"":0.9745788668336595,""imag"":0.0,""abs"":0.9745788668336595},{""real"":0.9688501986085204,""imag"":0.0,""abs"":0.9688501986085204},{""real"":0.9146707743835241,""imag"":0.044288017038438765,""abs"":0.9157423513000545},{""real"":0.9146707743835241,""imag"":-0.044288017038438765,""abs"":0.9157423513000545}]",True,0.9858663384263455,2.5183848926548422e-11,False,True,0.46828126854987573,0.1260621365566267,0.1174006698868121,0.15021036827840256,0.04764395525874243
5,20.0,6.0,1.0,"[20.0,4.0,8.0,2.0,4.0,1.0,20.0,20.0,20.0,20.0,20.0,6.0,6.0,6.0,6.0,6.0]",[[1.0]],"[4.071873313043848,5.731072050294055,-3.961756465507421e-14,-4.896108081427306e-15,25.760976978958542,6.355611295300803,-7.422997185283246,1.0368984264576027,3.2263612639030974,2.631221664933404,1.4016156165074254,3.7092936994877235,2.9291111600622597,2.1377959738364596,1.3909477866670528,0.7047154316715407]","[{""real"":0.2011458528196723,""imag"":0.0,""abs"":0.2011458528196723},{""real"":0.016571822605519707,""imag"":0.0,""abs"":0.016571822605519707},{""real"":0.007418622604309535,""imag"":0.0,""abs"":0.007418622604309535},{""real"":0.006183843627720546,""imag"":0.0,""abs"":0.006183843627720546},{""real"":0.7848299612462668,""imag"":0.2148058620261456,""abs"":0.8136950451063422},{""real"":0.7848299612462668,""imag"":-0.2148058620261456,""abs"":0.8136950451063422},{""real"":0.9825765897222296,""imag"":0.08723802563937232,""abs"":0.9864417001463506},{""real"":0.9825765897222296,""imag"":-0.08723802563937232,""abs"":0.9864417001463506},{""real"":0.8797323318497358,""imag"":0.0,""abs"":0.8797323318497358},{""real"":0.9301491004562423,""imag"":0.045066448096863145,""abs"":0.9312402127397764},{""real"":0.9301491004562423,""imag"":-0.045066448096863145,""abs"":0.9312402127397764},{""real"":0.9318416565031429,""imag"":0.0,""abs"":0.9318416565031429},{""real"":0.974580797042233,""imag"":0.0,""abs"":0.974580797042233},{""real"":0.9688502093957088,""imag"":0.0,""abs"":0.9688502093957088},{""real"":0.914670774383525,""imag"":0.04428801703843939,""abs"":0.9157423513000555},{""real"":0.914670774383525,""imag"":-0.04428801703843939,""abs"":0.9157423513000555}]",True,0.9864417001463506,3.196069688658366e-11,False,True,0.38350642995535345,0.14138562630045678,0.13731069165287293,0.13915862232885565,0.047619780980762694
6,20.0,6.0,2.0,"[20.0,4.0,8.0,2.0,4.0,1.0,20.0,20.0,20.0,20.0,20.0,6.0,6.0,6.0,6.0,6.0]",[[2.0]],"[2.9307803655844213,4.4744566516518685,-3.560854046348877e-14,-3.987660076517371e-15,20.821966340249332,5.8312481041710935,-8.023804984459744,0.34987792551605246,2.492535835678562,2.0738089587433985,1.1078464695974133,3.577747929830836,2.843755819592056,2.089141513583352,1.3676352956557474,0.6973517131997738]","[{""real"":0.20185772707503122,""imag"":0.0,""abs"":0.20185772707503122},{""real"":0.016567814480307155,""imag"":0.0,""abs"":0.016567814480307155},{""real"":0.0074178759557034435,""imag"":0.0,""abs"":0.0074178759557034435},{""real"":0.006183727142715002,""imag"":0.0,""abs"":0.006183727142715002},{""real"":0.7888908861719501,""imag"":0.21748584341030025,""abs"":0.8183207942910008},{""real"":0.7888908861719501,""imag"":-0.21748584341030025,""abs"":0.8183207942910008},{""real"":0.9836520090787741,""imag"":0.0845615436635043,""abs"":0.987280066461115},{""real"":0.9836520090787741,""imag"":-0.0845615436635043,""abs"":0.987280066461115},{""real"":0.8787224761898166,""imag"":0.0,""abs"":0.8787224761898166},{""real"":0.9396284390186561,""imag"":0.04119024541615967,""abs"":0.9405308286973265},{""real"":0.9396284390186561,""imag"":-0.04119024541615967,""abs"":0.9405308286973265},{""real"":0.9323641118632326,""imag"":0.0,""abs"":0.9323641118632326},{""real"":0.9745846297498548,""imag"":0.0,""abs"":0.9745846297498548},{""real"":0.9688502305991703,""imag"":0.0,""abs"":0.9688502305991703},{""real"":0.9146707743835245,""imag"":0.044288017038439174,""abs"":0.9157423513000551},{""real"":0.9146707743835245,""imag"":-0.044288017038439174,""abs"":0.9157423513000551}]",True,0.987280066461115,9.146194698921892e-11,False,True,0.3009501992074726,0.15789006298289598,0.16170194142032604,0.13216708190560764,0.04754367340563229
7,20.0,12.0,0.5,"[20.0,4.0,8.0,2.0,4.0,1.0,20.0,20.0,20.0,20.0,20.0,12.0,12.0,12.0,12.0,12.0]",[[0.5]],"[5.497999266965675,7.297639310485044,-2.923436351681739e-14,-4.773899919966559e-15,32.308004336579195,7.378839641935017,-7.378052743353723,1.1281216131005434,3.389018219242363,2.748543451000104,1.4558669627426357,3.8584083863679735,2.9776009394432625,2.124398058675467,1.3557577902910651,0.6741004110031255]","[{""real"":0.19713413707428667,""imag"":0.0,""abs"":0.19713413707428667},{""real"":0.016596464003877626,""imag"":0.0,""abs"":0.016596464003877626},{""real"":0.007423129864705684,""imag"":0.0,""abs"":0.007423129864705684},{""real"":0.006184543359992582,""imag"":0.0,""abs"":0.006184543359992582},{""real"":0.7661762693990963,""imag"":0.20041568801108456,""abs"":0.7919548748453241},{""real"":0.7661762693990963,""imag"":-0.20041568801108456,""abs"":0.7919548748453241},{""real"":0.9813793814834826,""imag"":0.08896753543688256,""abs"":0.985403832325923},{""real"":0.9813793814834826,""imag"":-0.08896753543688256,""abs"":0.985403832325923},{""real"":0.8832527348382504,""imag"":0.0,""abs"":0.8832527348382504},{""real"":0.919770617176749,""imag"":0.04935827365918158,""abs"":0.9210940383046199},{""real"":0.919770617176749,""imag"":-0.04935827365918158,""abs"":0.9210940383046199},{""real"":0.9314139742302137,""imag"":0.0,""abs"":0.9314139742302137},{""real"":0.9745788671911569,""imag"":0.0,""abs"":0.9745788671911569},{""real"":0.9688501986159134,""imag"":0.0,""abs"":0.9688501986159134},{""real"":0.9146707743835252,""imag"":0.0442880170384381,""abs"":0.9157423513000557},{""real"":0.9146707743835252,""imag"":-0.0442880170384381,""abs"":0.9157423513000557}]",True,0.985403832325923,2.2623054642542956e-11,False,True,0.43831243662521857,0.131743111078983,0.12293754767407605,0.14751160614395017,0.047640220948426175
8,20.0,12.0,1.0,"[20.0,4.0,8.0,2.0,4.0,1.0,20.0,20.0,20.0,20.0,20.0,12.0,12.0,12.0,12.0,12.0]",[[1.0]],"[4.024584001920271,5.724304998691066,-2.502281469299593e-14,-4.1132411676375016e-15,26.177789480573146,6.668726880447404,-7.697790374078475,0.75553257242256,2.975335865735854,2.4420100776739617,1.2989578038241847,3.8053137248416693,2.9818761245901726,2.1612363607752973,1.3986036576140883,0.705131730879186]","[{""real"":0.19983910783232933,""imag"":0.0,""abs"":0.19983910783232933},{""real"":0.016580082344557347,""imag"":0.0,""abs"":0.016580082344557347},{""real"":0.007420127477222656,""imag"":0.0,""abs"":0.007420127477222656},{""real"":0.006184077866615528,""imag"":0.0,""abs"":0.006184077866615528},{""real"":0.7784251337753882,""imag"":0.21003415243368628,""abs"":0.8062630055272089},{""real"":0.7784251337753882,""imag"":-0.21003415243368628,""abs"":0.8062630055272089},{""real"":0.982294832660727,""imag"":0.08670594736560275,""abs"":0.9861141209720772},{""real"":0.982294832660727,""imag"":-0.08670594736560275,""abs"":0.9861141209720772},{""real"":0.880651910099003,""imag"":0.0,""abs"":0.880651910099003},{""real"":0.9303255600347761,""imag"":0.04508358410536642,""abs"":0.9314172948844173},{""real"":0.9303255600347761,""imag"":-0.04508358410536642,""abs"":0.9314172948844173},{""real"":0.9318472755400969,""imag"":0.0,""abs"":0.9318472755400969},{""real"":0.9745807973988314,""imag"":0.0,""abs"":0.9745807973988314},{""real"":0.9688502094030637,""imag"":0.0,""abs"":0.9688502094030637},{""real"":0.9146707743835243,""imag"":0.044288017038438356,""abs"":0.9157423513000549},{""real"":0.9146707743835243,""imag"":-0.044288017038438356,""abs"":0.9157423513000549}]",True,0.9861141209720771,6.21843791326116e-11,False,True,0.3665901092608528,0.14517488573330137,0.14103395234182575,0.13817151619234208,0.0476108084754001
9,20.0,12.0,2.0,"[20.0,4.0,8.0,2.0,4.0,1.0,20.0,20.0,20.0,20.0,20.0,12.0,12.0,12.0,12.0,12.0]",[[2.0]],"[2.9126341450197932,4.472605126377741,-1.775837497638709e-14,-3.9240458083520115e-15,21.020625280511574,5.995634364469973,-8.180072032528324,0.19328527859184655,2.3596571597823006,1.9759092611984261,1.0548644887765761,3.6229623384431187,2.866467967001288,2.0970926950004265,1.3683414342425149,0.6956233546361834]","[{""real"":0.2012018748372042,""imag"":0.0,""abs"":0.2012018748372042},{""real"":0.016571933863637835,""imag"":0.0,""abs"":0.016571933863637835},{""real"":0.0074186279768755185,""imag"":0.0,""abs"":0.0074186279768755185},{""real"":0.006183844435379114,""imag"":0.0,""abs"":0.006183844435379114},{""real"":0.7854393088621701,""imag"":0.2150364032180819,""abs"":0.8143436391443436},{""real"":0.7854393088621701,""imag"":-0.2150364032180819,""abs"":0.8143436391443436},{""real"":0.9834549404812714,""imag"":0.08425246872198155,""abs"":0.9870572923811309},{""real"":0.9834549404812714,""imag"":-0.08425246872198155,""abs"":0.9870572923811309},{""real"":0.8792045981983224,""imag"":0.0,""abs"":0.8792045981983224},{""real"":0.939678577379065,""imag"":0.04118267234558312,""abs"":0.9405805873430874},{""real"":0.939678577379065,""imag"":-0.04118267234558312,""abs"":0.9405805873430874},{""real"":0.9323685206445371,""imag"":0.0,""abs"":0.9323685206445371},{""real"":0.9745846301046652,""imag"":0.0,""abs"":0.9745846301046652},{""real"":0.9688502306064507,""imag"":0.0,""abs"":0.9688502306064507},{""real"":0.9146707743835246,""imag"":0.04428801703844023,""abs"":0.9157423513000552},{""real"":0.9146707743835246,""imag"":-0.04428801703844023,""abs"":0.9157423513000552}]",True,0.9870572923811309,1.8988304781552026e-10,False,True,0.2916082112819164,0.16030277464187734,0.16409121429289214,0.13187725253478133,0.04753003666852377
10,40.0,3.0,0.5,"[20.0,4.0,8.0,2.0,4.0,1.0,40.0,40.0,40.0,40.0,40.0,3.0,3.0,3.0,3.0,3.0]",[[0.5]],"[5.667562295004609,7.380172136477608,9.310767313623178e-15,9.353406045746572e-15,31.76861413757919,6.805148790236092,-6.62880723161892,1.8893374474449698,4.103211067126492,3.307917660237833,1.7614152714424864,3.793591903357225,2.984799690791966,2.1685378049169013,1.403930362913339,0.7071923145642786]","[{""real"":0.2010469682674461,""imag"":0.0,""abs"":0.2010469682674461},{""real"":0.016571584545054658,""imag"":0.0,""abs"":0.016571584545054658},{""real"":0.007418608430480225,""imag"":0.0,""abs"":0.007418608430480225},{""real"":0.006183841461468845,""imag"":0.0,""abs"":0.006183841461468845},{""real"":0.7827244571015486,""imag"":0.21506748977728188,""abs"":0.8117337007319674},{""real"":0.7827244571015486,""imag"":-0.21506748977728188,""abs"":0.8117337007319674},{""real"":0.981317966450987,""imag"":0.08955154134349921,""abs"":0.9853955702338513},{""real"":0.981317966450987,""imag"":-0.08955154134349921,""abs"":0.9853955702338513},{""real"":0.879783896452032,""imag"":0.0,""abs"":0.879783896452032},{""real"":0.9188715865159179,""imag"":0.04855537625721553,""abs"":0.9201535834140732},{""real"":0.9188715865159179,""imag"":-0.04855537625721553,""abs"":0.9201535834140732},{""real"":0.9313931180281136,""imag"":0.0,""abs"":0.9313931180281136},{""real"":0.9745788638548606,""imag"":0.0,""abs"":0.9745788638548606},{""real"":0.968850198584355,""imag"":0.0,""abs"":0.968850198584355},{""real"":0.9146707743835246,""imag"":0.044288017038439355,""abs"":0.9157423513000552},{""real"":0.9146707743835246,""imag"":-0.044288017038439355,""abs"":0.9157423513000552}]",True,0.9853955702338512,2.6219630148270306e-11,False,True,0.4711301397027433,0.12605712983274034,0.11677958986162022,0.14920648829114816,0.047512262728323464
11,40.0,3.0,1.0,"[20.0,4.0,8.0,2.0,4.0,1.0,40.0,40.0,40.0,40.0,40.0,3.0,3.0,3.0,3.0,3.0]",[[1.0]],"[4.091377039065759,5.758461733885738,1.4042923791286534e-14,5.451188965936044e-15,25.93050966823153,6.374677967529815,-7.274251984741632,1.1795009348322687,3.3619227390606348,2.742064556107376,1.4630101551398553,3.799329934614284,3.0114983507219377,2.206382387452016,1.4402275331885772,0.7318804653278054]","[{""real"":0.201808363130014,""imag"":0.0,""abs"":0.201808363130014},{""real"":0.016567695411302694,""imag"":0.0,""abs"":0.016567695411302694},{""real"":0.007417868852607147,""imag"":0.0,""abs"":0.007417868852607147},{""real"":0.006183726056129687,""imag"":0.0,""abs"":0.006183726056129687},{""real"":0.7877455659184136,""imag"":0.21765884959933035,""abs"":0.817262779914163},{""real"":0.7877455659184136,""imag"":-0.21765884959933035,""abs"":0.817262779914163},{""real"":0.9822598458183006,""imag"":0.08705787808427347,""abs"":0.9861102772223439},{""real"":0.9822598458183006,""imag"":-0.08705787808427347,""abs"":0.9861102772223439},{""real"":0.8787599446727252,""imag"":0.0,""abs"":0.8787599446727252},{""real"":0.9300099751924518,""imag"":0.04485508359754572,""abs"":0.9310910441423049},{""real"":0.9300099751924518,""imag"":-0.04485508359754572,""abs"":0.9310910441423049},{""real"":0.9318292071505908,""imag"":0.0,""abs"":0.9318292071505908},{""real"":0.974580794069253,""imag"":0.0,""abs"":0.974580794069253},{""real"":0.9688502093716207,""imag"":0.0,""abs"":0.9688502093716207},{""real"":0.9146707743835248,""imag"":0.044288017038438945,""abs"":0.9157423513000554},{""real"":0.9146707743835248,""imag"":-0.044288017038438945,""abs"":0.9157423513000554}]",True,0.9861102772223439,3.031656765156169e-10,False,True,0.3842570702936915,0.14166605432201218,0.13708328838984354,0.1386685045085133,0.04753362071899671
12,40.0,3.0,2.0,"[20.0,4.0,8.0,2.0,4.0,1.0,40.0,40.0,40.0,40.0,40.0,3.0,3.0,3.0,3.0,3.0]",[[2.0]],"[2.9378710017807257,4.4870381184177495,3.885428645685801e-14,-3.2283431995203427e-15,20.922382814384566,5.85516953120424,-7.956929932118771,0.4129919298742421,2.554413612186974,2.12615419436709,1.137168899476311,3.6371139256436034,2.8966935683535024,2.1324536834136048,1.3984519112659195,0.7142284595232063]","[{""real"":0.20218959616131116,""imag"":0.0,""abs"":0.20218959616131116},{""real"":0.01656575351810502,""imag"":0.0,""abs"":0.01656575351810502},{""real"":0.007417499188410077,""imag"":0.0,""abs"":0.007417499188410077},{""real"":0.006183668314330061,""imag"":0.0,""abs"":0.006183668314330061},{""real"":0.790419421150964,""imag"":0.21893282678579792,""abs"":0.8201795193596614},{""real"":0.790419421150964,""imag"":-0.21893282678579792,""abs"":0.8201795193596614},{""real"":0.9834364892070186,""imag"":0.08444894096823029,""abs"":0.9870556984965349},{""real"":0.9834364892070186,""imag"":-0.08444894096823029,""abs"":0.9870556984965349},{""real"":0.8782250209699156,""imag"":0.0,""abs"":0.8782250209699156},{""real"":0.9395695114158844,""imag"":0.04112492551087126,""abs"":0.9404690990567199},{""real"":0.9395695114158844,""imag"":-0.04112492551087126,""abs"":0.9404690990567199},{""real"":0.932354195888281,""imag"":0.0,""abs"":0.932354195888281},{""real"":0.9745846267884252,""imag"":0.0,""abs"":0.9745846267884252},{""real"":0.9688502305752367,""imag"":0.0,""abs"":0.9688502305752367},{""real"":0.9146707743835248,""imag"":0.044288017038438224,""abs"":0.9157423513000554},{""real"":0.9146707743835248,""imag"":-0.044288017038438224,""abs"":0.9157423513000554}]",True,0.9870556984965347,2.2754700296449647e-10,False,True,0.3006737978884608,0.15827733308127667,0.16169696478766502,0.13193754282000178,0.04748773938202689
13,40.0,6.0,0.5,"[20.0,4.0,8.0,2.0,4.0,1.0,40.0,40.0,40.0,40.0,40.0,6.0,6.0,6.0,6.0,6.0]",[[0.5]],"[5.60433351448951,7.367394979590866,-4.3511814724419196e-14,-6.0543691277682714e-15,32.19754524571801,7.1049688509426385,-6.87610229605866,1.6312944188487404,3.8617256388348835,3.121429925858564,1.6598479697310007,3.890374239173829,3.039994809238403,2.1951000358493027,1.4144539439503594,0.7095139326717069]","[{""real"":0.19974003868286483,""imag"":0.0,""abs"":0.19974003868286483},{""real"":0.016579844494574395,""imag"":0.0,""abs"":0.016579844494574395},{""real"":0.007420113370130354,""imag"":0.0,""abs"":0.007420113370130354},{""real"":0.006184075714467427,""imag"":0.0,""abs"":0.006184075714467427},{""real"":0.7765663475440467,""imag"":0.2102291501269729,""abs"":0.8045194762720232},{""real"":0.7765663475440467,""imag"":-0.2102291501269729,""abs"":0.8045194762720232},{""real"":0.9811390213858928,""imag"":0.08912057095622881,""abs"":0.9851782861257304},{""real"":0.9811390213858928,""imag"":-0.08912057095622881,""abs"":0.9851782861257304},{""real"":0.8806786464288874,""imag"":0.0,""abs"":0.8806786464288874},{""real"":0.9191515974565603,""imag"":0.04866513410958577,""abs"":0.9204390009038353},{""real"":0.9191515974565603,""imag"":-0.04866513410958577,""abs"":0.9204390009038353},{""real"":0.9313963742139536,""imag"":0.0,""abs"":0.9313963742139536},{""real"":0.9745788640336105,""imag"":0.0,""abs"":0.9745788640336105},{""real"":0.9688501985880513,""imag"":0.0,""abs"":0.9688501985880513},{""real"":0.9146707743835248,""imag"":0.04428801703843875,""abs"":0.9157423513000554},{""real"":0.9146707743835248,""imag"":-0.04428801703843875,""abs"":0.9157423513000554}]",True,0.9851782861257306,2.0904260969725876e-11,False,True,0.45499596227097217,0.12901237614776936,0.1196733326616634,0.14787441577733187,0.04751864260847172
14,40.0,6.0,1.0,"[20.0,4.0,8.0,2.0,4.0,1.0,40.0,40.0,40.0,40.0,40.0,6.0,6.0,6.0,6.0,6.0]",[[1.0]],"[4.066768878293603,5.754714963122119,-4.0568702515092545e-14,-5.095211352568484e-15,26.143175469285428,6.535604021702113,-7.418998038402136,1.031515775312969,3.229954076824311,2.6425048584303212,1.4089495141110877,3.8466848993127027,3.0366715776588014,2.216691423783835,1.4428214508568178,0.7313025737543487]","[{""real"":0.20115245719434643,""imag"":0.0,""abs"":0.20115245719434643},{""real"":0.01657181484663673,""imag"":0.0,""abs"":0.01657181484663673},{""real"":0.007418620890432253,""imag"":0.0,""abs"":0.007418620890432253},{""real"":0.006183843352328536,""imag"":0.0,""abs"":0.006183843352328536},{""real"":0.7843678939248107,""imag"":0.2151897969730025,""abs"":0.8133508724660747},{""real"":0.7843678939248107,""imag"":-0.2151897969730025,""abs"":0.8133508724660747},{""real"":0.9821254943140518,""imag"":0.08679034409155993,""abs"":0.9859528641923772},{""real"":0.9821254943140518,""imag"":-0.08679034409155993,""abs"":0.9859528641923772},{""real"":0.8792369877285388,""imag"":0.0,""abs"":0.8792369877285388},{""real"":0.9300982444142818,""imag"":0.04486716653630424,""abs"":0.9311797930021493},{""real"":0.9300982444142818,""imag"":-0.04486716653630424,""abs"":0.9311797930021493},{""real"":0.9318320064761455,""imag"":0.0,""abs"":0.9318320064761455},{""real"":0.9745807942475498,""imag"":0.0,""abs"":0.9745807942475498},{""real"":0.9688502093752985,""imag"":0.0,""abs"":0.9688502093752985},{""real"":0.9146707743835247,""imag"":0.04428801703843872,""abs"":0.9157423513000552},{""real"":0.9146707743835247,""imag"":-0.04428801703843872,""abs"":0.9157423513000552}]",True,0.9859528641923772,8.218063956199454e-11,False,True,0.3754416779231391,0.14359545276533386,0.13898700124880983,0.1381850684436018,0.04753232724850972
15,40.0,6.0,2.0,"[20.0,4.0,8.0,2.0,4.0,1.0,40.0,40.0,40.0,40.0,40.0,6.0,6.0,6.0,6.0,6.0]",[[2.0]],"[2.9286049618898313,4.485999551567349,-3.550192312611969e-14,-3.867342881673307e-15,21.022219933341002,5.938309745178952,-8.037145684493295,0.33267171545010826,2.4862582106837707,2.075907891241054,1.1099621602683116,3.6592609467332977,2.9074819143936854,2.1358561730616197,1.3983357688544014,0.7130769802956267]","[{""real"":0.20186104884444112,""imag"":0.0,""abs"":0.20186104884444112},{""real"":0.01656781060971888,""imag"":0.0,""abs"":0.01656781060971888},{""real"":0.007417875099253268,""imag"":0.0,""abs"":0.007417875099253268},{""real"":0.006183727004907314,""imag"":0.0,""abs"":0.006183727004907314},{""real"":0.7886436503876006,""imag"":0.217685620442536,""abs"":0.818135585733888},{""real"":0.7886436503876006,""imag"":-0.217685620442536,""abs"":0.818135585733888},{""real"":0.9833406946516936,""imag"":0.08429398066724995,""abs"":0.98694700816954},{""real"":0.9833406946516936,""imag"":-0.08429398066724995,""abs"":0.98694700816954},{""real"":0.8784700369407541,""imag"":0.0,""abs"":0.8784700369407541},{""real"":0.9395947163613402,""imag"":0.04112152043857474,""abs"":0.940494131006317},{""real"":0.9395947163613402,""imag"":-0.04112152043857474,""abs"":0.940494131006317},{""real"":0.9323563947275344,""imag"":0.0,""abs"":0.9323563947275344},{""real"":0.9745846269658307,""imag"":0.0,""abs"":0.9745846269658307},{""real"":0.9688502305788763,""imag"":0.0,""abs"":0.9688502305788763},{""real"":0.9146707743835241,""imag"":0.04428801703843901,""abs"":0.9157423513000545},{""real"":0.9146707743835241,""imag"":-0.04428801703843901,""abs"":0.9157423513000545}]",True,0.9869470081695401,2.0644465163741097e-10,False,True,0.29591685670677237,0.15949119857616595,0.1629032235236394,0.1317964195830256,0.04748211286411695
16,40.0,12.0,0.5,"[20.0,4.0,8.0,2.0,4.0,1.0,40.0,40.0,40.0,40.0,40.0,12.0,12.0,12.0,12.0,12.0]",[[0.5]],"[5.488154533947006,7.3384207218087925,-2.979138738156739e-14,-5.1510074863226165e-15,32.93634555363785,7.648195476729278,-7.3442142090926685,1.1444482370556202,3.407361537966296,2.77150725539811,1.4696839655945322,4.067425766679956,3.141950695940712,2.245418392806734,1.4356095611291704,0.7151816336373252]","[{""real"":0.1971468867811426,""imag"":0.0,""abs"":0.1971468867811426},{""real"":0.016596448271278236,""imag"":0.0,""abs"":0.016596448271278236},{""real"":0.007423126425531139,""imag"":0.0,""abs"":0.007423126425531139},{""real"":0.006184542811940904,""imag"":0.0,""abs"":0.006184542811940904},{""real"":0.7655120678647083,""imag"":0.20108259227219158,""abs"":0.7914814811234727},{""real"":0.7655120678647083,""imag"":-0.20108259227219158,""abs"":0.7914814811234727},{""real"":0.9808328791950818,""imag"":0.08832847873519173,""abs"":0.9848020395316954},{""real"":0.9808328791950818,""imag"":-0.08832847873519173,""abs"":0.9848020395316954},{""real"":0.8823628191143161,""imag"":0.0,""abs"":0.8823628191143161},{""real"":0.9197007542854747,""imag"":0.048852953223069845,""abs"":0.9209973335856552},{""real"":0.9197007542854747,""imag"":-0.048852953223069845,""abs"":0.9209973335856552},{""real"":0.931402895433691,""imag"":0.0,""abs"":0.931402895433691},{""real"":0.9745788643911064,""imag"":0.0,""abs"":0.9745788643911064},{""real"":0.9688501985954449,""imag"":0.0,""abs"":0.9688501985954449},{""real"":0.9146707743835245,""imag"":0.04428801703843836,""abs"":0.915742351300055},{""real"":0.9146707743835245,""imag"":-0.04428801703843836,""abs"":0.915742351300055}]",True,0.9848020395316954,1.3604250012090615e-10,False,True,0.4268010896126748,0.1344362196772979,0.12500834839094893,0.14562329758974804,0.0475304179167382
17,40.0,12.0,1.0,"[20.0,4.0,8.0,2.0,4.0,1.0,40.0,40.0,40.0,40.0,40.0,12.0,12.0,12.0,12.0,12.0]",[[1.0]],"[4.019913275916306,5.746038506995476,-2.4692586384800747e-14,-3.483624667355692e-15,26.532951433670714,6.8390685146377335,-7.700017785054643,0.7446054194958279,2.973903591054488,2.449369836015284,1.3041911031431366,3.936146718397666,3.084422001688641,2.236550256390352,1.4481829946279114,0.7305753058149139]","[{""real"":0.1998456368061412,""imag"":0.0,""abs"":0.1998456368061412},{""real"":0.016580074550087243,""imag"":0.0,""abs"":0.016580074550087243},{""real"":0.007420125761466058,""imag"":0.0,""abs"":0.007420125761466058},{""real"":0.006184077591684613,""imag"":0.0,""abs"":0.006184077591684613},{""real"":0.7780130705812466,""imag"":0.21040298625171375,""abs"":0.8059613853150153},{""real"":0.7780130705812466,""imag"":-0.21040298625171375,""abs"":0.8059613853150153},{""real"":0.9818819625529298,""imag"":0.08628217546943943,""abs"":0.9856656645082714},{""real"":0.9818819625529298,""imag"":-0.08628217546943943,""abs"":0.9856656645082714},{""real"":0.8801661221473444,""imag"":0.0,""abs"":0.8801661221473444},{""real"":0.9302724543539395,""imag"":0.044888485739708245,""abs"":0.9313548279156051},{""real"":0.9302724543539395,""imag"":-0.044888485739708245,""abs"":0.9313548279156051},{""real"":0.9318376107340924,""imag"":0.0,""abs"":0.9318376107340924},{""real"":0.9745807946041465,""imag"":0.0,""abs"":0.9745807946041465},{""real"":0.9688502093826526,""imag"":0.0,""abs"":0.9688502093826526},{""real"":0.9146707743835245,""imag"":0.044288017038438356,""abs"":0.915742351300055},{""real"":0.9146707743835245,""imag"":-0.044288017038438356,""abs"":0.915742351300055}]",True,0.9856656645082714,1.6677466420584476e-10,False,True,0.35916488547446057,0.1472563527619046,0.1426141902293662,0.13732294550744018,0.047530263956173005
18,40.0,12.0,2.0,"[20.0,4.0,8.0,2.0,4.0,1.0,40.0,40.0,40.0,40.0,40.0,12.0,12.0,12.0,12.0,12.0]",[[2.0]],"[2.9105669587196474,4.483576889060509,-1.7821622386533496e-14,-4.189111453072804e-15,21.21217967997614,6.099048032678415,-8.195176458145827,0.17450225741866376,2.3517744457884153,1.9766759941379666,1.0562567673742351,3.701941329564126,2.9282492836572884,2.142410774315293,1.3981424024191962,0.7108977666801806]","[{""real"":0.20120517777951782,""imag"":0.0,""abs"":0.20120517777951782},{""real"":0.016571929984193712,""imag"":0.0,""abs"":0.016571929984193712},{""real"":0.007418627119955259,""imag"":0.0,""abs"":0.007418627119955259},{""real"":0.0061838442976868534,""imag"":0.0,""abs"":0.0061838442976868534},{""real"":0.7852067237230119,""imag"":0.21523190715884888,""abs"":0.81417097273181},{""real"":0.7852067237230119,""imag"":-0.21523190715884888,""abs"":0.81417097273181},{""real"":0.9831598812583395,""imag"":0.08399296208736803,""abs"":0.9867411868347862},{""real"":0.9831598812583395,""imag"":-0.08399296208736803,""abs"":0.9867411868347862},{""real"":0.878954144384401,""imag"":0.0,""abs"":0.878954144384401},{""real"":0.9396447932595744,""imag"":0.04111456431681688,""abs"":0.9405438559146458},{""real"":0.9396447932595744,""imag"":-0.04111456431681688,""abs"":0.9405438559146458},{""real"":0.9323607953797297,""imag"":0.0,""abs"":0.9323607953797297},{""real"":0.9745846273206419,""imag"":0.0,""abs"":0.9745846273206419},{""real"":0.9688502305861568,""imag"":0.0,""abs"":0.9688502305861568},{""real"":0.9146707743835247,""imag"":0.04428801703843851,""abs"":0.9157423513000552},{""real"":0.9146707743835247,""imag"":-0.04428801703843851,""abs"":0.9157423513000552}]",True,0.9867411868347862,2.8907057060625967e-10,False,True,0.28679808928355266,0.16184367000405306,0.16525023376833642,0.13153463068775675,0.04747157302050031
19,80.0,3.0,0.5,"[20.0,4.0,8.0,2.0,4.0,1.0,80.0,80.0,80.0,80.0,80.0,3.0,3.0,3.0,3.0,3.0]",[[0.5]],"[5.64475341768373,7.467869999745508,-3.990718704955103e-14,-2.9656550725735998e-15,33.11295713410107,7.3713697915821035,-6.5477061930319245,1.933590485025358,4.150531902804243,3.362180429480221,1.7934137960015548,4.225463021171147,3.3231611585842327,2.416744934588547,1.5671245283851551,0.7908484046652797]","[{""real"":0.20107338073003697,""imag"":0.0,""abs"":0.20107338073003697},{""real"":0.01657155351007193,""imag"":0.0,""abs"":0.01657155351007193},{""real"":0.007418601574709745,""imag"":0.0,""abs"":0.007418601574709745},{""real"":0.006183840359834022,""imag"":0.0,""abs"":0.006183840359834022},{""real"":0.7809237116496524,""imag"":0.21648620315856432,""abs"":0.8103752955110863},{""real"":0.7809237116496524,""imag"":-0.21648620315856432,""abs"":0.8103752955110863},{""real"":0.9802192197877377,""imag"":0.08819627388417725,""abs"":0.9841789987437926},{""real"":0.9802192197877377,""imag"":-0.08819627388417725,""abs"":0.9841789987437926},{""real"":0.8778369223907877,""imag"":0.0,""abs"":0.8778369223907877},{""real"":0.918864673155776,""imag"":0.0475062714466722,""abs"":0.9200919157347466},{""real"":0.918864673155776,""imag"":-0.0475062714466722,""abs"":0.9200919157347466},{""real"":0.9313711564957655,""imag"":0.0,""abs"":0.9313711564957655},{""real"":0.9745788582547745,""imag"":0.0,""abs"":0.9745788582547745},{""real"":0.9688501985434174,""imag"":0.0,""abs"":0.9688501985434174},{""real"":0.914670774383525,""imag"":0.044288017038439174,""abs"":0.9157423513000555},{""real"":0.914670774383525,""imag"":-0.044288017038439174,""abs"":0.9157423513000555}]",True,0.9841789987437926,1.302593181125852e-10,False,True,0.4468479977169275,0.1316776845528685,0.12110894580608397,0.1451311914239248,0.04730064157333583
20,80.0,3.0,1.0,"[20.0,4.0,8.0,2.0,4.0,1.0,80.0,80.0,80.0,80.0,80.0,3.0,3.0,3.0,3.0,3.0]",[[1.0]],"[4.081265594511445,5.803500466006838,-3.245785824139671e-14,-6.183360773653324e-16,26.664758858530238,6.723950066356826,-7.275445198608798,1.1605723737734148,3.3624458899406093,2.7597338676862835,1.4750544295595156,4.064889020722502,3.219188624290144,2.358568769859421,1.5401977811874232,0.7830706275859372]","[{""real"":0.2018216490495313,""imag"":0.0,""abs"":0.2018216490495313},{""real"":0.01656767992908798,""imag"":0.0,""abs"":0.01656767992908798},{""real"":0.007417865426740571,""imag"":0.0,""abs"":0.007417865426740571},{""real"":0.006183725504881494,""imag"":0.0,""abs"":0.006183725504881494},{""real"":0.786771307426555,""imag"":0.2184235193530119,""abs"":0.8165279689001756},{""real"":0.786771307426555,""imag"":-0.2184235193530119,""abs"":0.8165279689001756},{""real"":0.981432813009247,""imag"":0.08617970925115961,""abs"":0.9852092715448114},{""real"":0.981432813009247,""imag"":-0.08617970925115961,""abs"":0.9852092715448114},{""real"":0.8777588990691246,""imag"":0.0,""abs"":0.8777588990691246},{""real"":0.9299240418578951,""imag"":0.04445510792532462,""abs"":0.9309860258059605},{""real"":0.9299240418578951,""imag"":-0.04445510792532462,""abs"":0.9309860258059605},{""real"":0.9318100081207742,""imag"":0.0,""abs"":0.9318100081207742},{""real"":0.9745807884798967,""imag"":0.0,""abs"":0.9745807884798967},{""real"":0.9688502093308001,""imag"":0.0,""abs"":0.9688502093308001},{""real"":0.9146707743835251,""imag"":0.04428801703843783,""abs"":0.9157423513000555},{""real"":0.9146707743835251,""imag"":-0.04428801703843783,""abs"":0.9157423513000555}]",True,0.9852092715448113,7.642887265033758e-11,False,True,0.3690465509816965,0.1459121688717189,0.14030992971401568,0.1369046009483282,0.04737757837857799
21,80.0,3.0,2.0,"[20.0,4.0,8.0,2.0,4.0,1.0,80.0,80.0,80.0,80.0,80.0,3.0,3.0,3.0,3.0,3.0]",[[2.0]],"[2.93357207564198,4.509300606882274,-2.179358505553617e-14,-2.5925480259823194e-15,21.31073370156152,6.064127141109939,-7.986425844564401,0.3761386249849952,2.5397192595646727,2.1286852599627655,1.1404939945044485,3.795823015362975,3.020694576523071,2.223297651572913,1.458120704560278,0.7447742754593847]","[{""real"":0.20219625896930635,""imag"":0.0,""abs"":0.20219625896930635},{""real"":0.016565745785795505,""imag"":0.0,""abs"":0.016565745785795505},{""real"":0.007417497475981388,""imag"":0.0,""abs"":0.007417497475981388},{""real"":0.0061836680385983925,""imag"":0.0,""abs"":0.0061836680385983925},{""real"":0.7899111415248745,""imag"":0.21933162115017338,""abs"":0.8197962988093405},{""real"":0.7899111415248745,""imag"":-0.21933162115017338,""abs"":0.8197962988093405},{""real"":0.9828471127583123,""imag"":0.0839196190988273,""abs"":0.9864233115285966},{""real"":0.9828471127583123,""imag"":-0.0839196190988273,""abs"":0.9864233115285966},{""real"":0.8777185854130395,""imag"":0.0,""abs"":0.8777185854130395},{""real"":0.9395044347686476,""imag"":0.04098646175179811,""abs"":0.9403980396602748},{""real"":0.9395044347686476,""imag"":-0.04098646175179811,""abs"":0.9403980396602748},{""real"":0.9323388187305617,""imag"":0.0,""abs"":0.9323388187305617},{""real"":0.9745846212203862,""imag"":0.0,""abs"":0.9745846212203862},{""real"":0.9688502305346496,""imag"":0.0,""abs"":0.9688502305346496},{""real"":0.9146707743835247,""imag"":0.044288017038438425,""abs"":0.9157423513000552},{""real"":0.9146707743835247,""imag"":-0.044288017038438425,""abs"":0.9157423513000552}]",True,0.9864233115285967,4.282958976855218e-10,False,True,0.29099131524223415,0.1613806251073889,0.16403142353833594,0.13124255124194953,0.0473735391508102
22,80.0,6.0,0.5,"[20.0,4.0,8.0,2.0,4.0,1.0,80.0,80.0,80.0,80.0,80.0,6.0,6.0,6.0,6.0,6.0]",[[0.5]],"[5.583212865288619,7.449498876071672,8.597371882971018e-15,6.488298755108332e-16,33.466721132908674,7.6481159477492655,-6.812649290649612,1.659888589325997,3.8958514138907216,3.1658787518876204,1.686667490236984,4.307360048120691,3.367102893427415,2.435382836058856,1.5726438862922014,0.7907136668303537]","[{""real"":0.1997661488769764,""imag"":0.0,""abs"":0.1997661488769764},{""real"":0.016579813317231466,""imag"":0.0,""abs"":0.016579813317231466},{""real"":0.0074201065068425845,""imag"":0.0,""abs"":0.0074201065068425845},{""real"":0.006184074614678519,""imag"":0.0,""abs"":0.006184074614678519},{""real"":0.7749485100897098,""imag"":0.21160513562568148,""abs"":0.8033193180257923},{""real"":0.7749485100897098,""imag"":-0.21160513562568148,""abs"":0.8033193180257923},{""real"":0.9801098450664769,""imag"":0.08782561855684669,""abs"":0.984036913774644},{""real"":0.9801098450664769,""imag"":-0.08782561855684669,""abs"":0.984036913774644},{""real"":0.8787763953804593,""imag"":0.0,""abs"":0.8787763953804593},{""real"":0.9191184064957296,""imag"":0.04763529168953481,""abs"":0.9203519795021883},{""real"":0.9191184064957296,""imag"":-0.04763529168953481,""abs"":0.9203519795021883},{""real"":0.9313743900626402,""imag"":0.0,""abs"":0.9313743900626402},{""real"":0.9745788584335214,""imag"":0.0,""abs"":0.9745788584335214},{""real"":0.9688501985471141,""imag"":0.0,""abs"":0.9688501985471141},{""real"":0.914670774383524,""imag"":0.04428801703843901,""abs"":0.9157423513000544},{""real"":0.914670774383524,""imag"":-0.04428801703843901,""abs"":0.9157423513000544}]",True,0.9840369137746441,8.354044784542916e-11,False,True,0.4322433707744929,0.1343864980506208,0.12381011827096647,0.14419427123090559,0.04731894117436466
23,80.0,6.0,1.0,"[20.0,4.0,8.0,2.0,4.0,1.0,80.0,80.0,80.0,80.0,80.0,6.0,6.0,6.0,6.0,6.0]",[[1.0]],"[4.057102264039574,5.79794356533682,6.901753545642856e-15,1.6473210158731905e-15,26.85160390976875,6.875610904196865,-7.425886390760915,1.0075222827746897,3.2258185488475375,2.6565024405014315,1.4190267643264312,4.106094833958915,3.2396896788196266,2.3655642505204018,1.5406839417631357,0.781450300953024]","[{""real"":0.2011656677192906,""imag"":0.0,""abs"":0.2011656677192906},{""real"":0.016571799328997397,""imag"":0.0,""abs"":0.016571799328997397},{""real"":0.007418617462686254,""imag"":0.0,""abs"":0.007418617462686254},{""real"":0.00618384280154255,""imag"":0.0,""abs"":0.00618384280154255},{""real"":0.7834492994625557,""imag"":0.2159402937307473,""abs"":0.8126641466712375},{""real"":0.7834492994625557,""imag"":-0.2159402937307473,""abs"":0.8126641466712375},{""real"":0.981333043146162,""imag"":0.08593586413088304,""abs"":0.9850885819632814},{""real"":0.981333043146162,""imag"":-0.08593586413088304,""abs"":0.9850885819632814},{""real"":0.8782448208279278,""imag"":0.0,""abs"":0.8782448208279278},{""real"":0.9300096951983512,""imag"":0.04447115328462098,""abs"":0.9310723476923769},{""real"":0.9300096951983512,""imag"":-0.04447115328462098,""abs"":0.9310723476923769},{""real"":0.9318127926512594,""imag"":0.0,""abs"":0.9318127926512594},{""real"":0.9745807886581944,""imag"":0.0,""abs"":0.9745807886581944},{""real"":0.9688502093344773,""imag"":0.0,""abs"":0.9688502093344773},{""real"":0.914670774383525,""imag"":0.044288017038438564,""abs"":0.9157423513000555},{""real"":0.914670774383525,""imag"":-0.044288017038438564,""abs"":0.9157423513000555}]",True,0.9850885819632814,1.8739990995323757e-10,False,True,0.36082588716610864,0.1477195806651116,0.1421225038027021,0.1365342792980996,0.04738202255055354
24,80.0,6.0,2.0,"[20.0,4.0,8.0,2.0,4.0,1.0,80.0,80.0,80.0,80.0,80.0,6.0,6.0,6.0,6.0,6.0]",[[2.0]],"[2.9244141131316166,4.507718177682403,-1.7753973630819146e-15,2.3419016520157133e-15,21.402253571766714,6.143770086520496,-8.068285847705251,0.29434745227084685,2.4700442365479685,2.077168312329665,1.1125967741353602,3.815572337310555,3.0296489744077024,2.2253879853892764,1.4571624806354992,0.7432023934395452]","[{""real"":0.20186769282967246,""imag"":0.0,""abs"":0.20186769282967246},{""real"":0.016567802868573386,""imag"":0.0,""abs"":0.016567802868573386},{""real"":0.0074178733863546654,""imag"":0.0,""abs"":0.0074178733863546654},{""real"":0.0061837267292911054,""imag"":0.0,""abs"":0.0061837267292911054},{""real"":0.7881509014250896,""imag"":0.21808026691414065,""abs"":0.8177657648951343},{""real"":0.7881509014250896,""imag"":-0.21808026691414065,""abs"":0.8177657648951343},{""real"":0.9827665028633248,""imag"":0.08377265331098388,""abs"":0.9863305006908037},{""real"":0.9827665028633248,""imag"":-0.08377265331098388,""abs"":0.9863305006908037},{""real"":0.8779654932345372,""imag"":0.0,""abs"":0.8779654932345372},{""real"":0.9395295542492126,""imag"":0.04098367220060501,""abs"":0.9404230136990325},{""real"":0.9395295542492126,""imag"":-0.04098367220060501,""abs"":0.9404230136990325},{""real"":0.9323410094322988,""imag"":0.0,""abs"":0.9323410094322988},{""real"":0.9745846213977934,""imag"":0.0,""abs"":0.9745846213977934},{""real"":0.9688502305382911,""imag"":0.0,""abs"":0.9688502305382911},{""real"":0.9146707743835241,""imag"":0.04428801703843846,""abs"":0.9157423513000545},{""real"":0.9146707743835241,""imag"":-0.04428801703843846,""abs"":0.9157423513000545}]",True,0.9863305006908039,4.386852314449086e-10,False,True,0.28644455602643437,0.16253719093532396,0.16519745483315298,0.13112743526647982,0.04737064657169031
25,80.0,12.0,0.5,"[20.0,4.0,8.0,2.0,4.0,1.0,80.0,80.0,80.0,80.0,80.0,12.0,12.0,12.0,12.0,12.0]",[[0.5]],"[5.469775057835417,7.411225540051104,-3.270316361547078e-14,-5.702453790321159e-15,34.079069162704194,8.151269071830823,-7.30911667043159,1.1481100439857144,3.4205945880449415,2.80037351429853,1.4882641601911946,4.457849482925087,3.448844436661614,2.4713558521220875,1.584667541845156,0.791858171160085]","[{""real"":0.19717239303184847,""imag"":0.0,""abs"":0.19717239303184847},{""real"":0.016596416806595928,""imag"":0.0,""abs"":0.016596416806595928},{""real"":0.007423119547216222,""imag"":0.0,""abs"":0.007423119547216222},{""real"":0.006184541715832014,""imag"":0.0,""abs"":0.006184541715832014},{""real"":0.7641872000784002,""imag"":0.2023733550479154,""abs"":0.7905296019739011},{""real"":0.7641872000784002,""imag"":-0.2023733550479154,""abs"":0.7905296019739011},{""real"":0.9799196416288599,""imag"":0.08713783650421683,""abs"":0.9837863114521714},{""real"":0.9799196416288599,""imag"":-0.08713783650421683,""abs"":0.9837863114521714},{""real"":0.8805506101436041,""imag"":0.0,""abs"":0.8805506101436041},{""real"":0.9196212629328779,""imag"":0.047863148729051896,""abs"":0.9208659773520361},{""real"":0.9196212629328779,""imag"":-0.047863148729051896,""abs"":0.9208659773520361},{""real"":0.9313808660660854,""imag"":0.0,""abs"":0.9313808660660854},{""real"":0.9745788587910179,""imag"":0.0,""abs"":0.9745788587910179},{""real"":0.9688501985545068,""imag"":0.0,""abs"":0.9688501985545068},{""real"":0.9146707743835247,""imag"":0.04428801703843878,""abs"":0.9157423513000552},{""real"":0.9146707743835247,""imag"":-0.04428801703843878,""abs"":0.9157423513000552}]",True,0.9837863114521714,3.31529354888454e-11,False,True,0.4067009985532451,0.1393885982410072,0.12881738447433308,0.1425715072849899,0.047350338062125415
26,80.0,12.0,1.0,"[20.0,4.0,8.0,2.0,4.0,1.0,80.0,80.0,80.0,80.0,80.0,12.0,12.0,12.0,12.0,12.0]",[[1.0]],"[4.0110314723705365,5.7860528907969755,-2.399554653011005e-14,-3.8241992238303814e-15,27.19516885617874,7.1622005464022385,-7.716637085359769,0.7120235041492131,2.961865980782586,2.457110123782136,1.3109108550625659,4.184222853209096,3.2788042455198285,2.3792784894763437,1.5421238073053103,0.7787761052163418]","[{""real"":0.19985869650748955,""imag"":0.0,""abs"":0.19985869650748955},{""real"":0.016580058961274503,""imag"":0.0,""abs"":0.016580058961274503},{""real"":0.007420122329962065,""imag"":0.0,""abs"":0.007420122329962065},{""real"":0.00618407704182169,""imag"":0.0,""abs"":0.00618407704182169},{""real"":0.777192250016566,""imag"":0.21112564488578,""abs"":0.8053582006872774},{""real"":0.777192250016566,""imag"":-0.21112564488578,""abs"":0.8053582006872774},{""real"":0.9811508409815068,""imag"":0.08547100882977235,""abs"":0.9848666235125938},{""real"":0.9811508409815068,""imag"":-0.08547100882977235,""abs"":0.9848666235125938},{""real"":0.8791921090346487,""imag"":0.0,""abs"":0.8791921090346487},{""real"":0.9301790309562643,""imag"":0.04450031917516797,""abs"":0.9312428834828359},{""real"":0.9301790309562643,""imag"":-0.04450031917516797,""abs"":0.9312428834828359},{""real"":0.931818367335562,""imag"":0.0,""abs"":0.931818367335562},{""real"":0.9745807890147902,""imag"":0.0,""abs"":0.9745807890147902},{""real"":0.9688502093418322,""imag"":0.0,""abs"":0.9688502093418322},{""real"":0.914670774383525,""imag"":0.044288017038438356,""abs"":0.9157423513000555},{""real"":0.914670774383525,""imag"":-0.044288017038438356,""abs"":0.9157423513000555}]",True,0.9848666235125938,3.118380848262494e-11,False,True,0.34559325229610877,0.15115993622426518,0.14558544073106494,0.13586593688992799,0.04739002697898015
27,80.0,12.0,2.0,"[20.0,4.0,8.0,2.0,4.0,1.0,80.0,80.0,80.0,80.0,80.0,12.0,12.0,12.0,12.0,12.0]",[[2.0]],"[2.906577095417402,4.504285439994465,-1.9086663244935696e-14,-4.487618564146959e-15,21.57669400053716,6.297924873941668,-8.229263110506148,0.13355664441968587,2.3328349759195652,1.9756440761450145,1.0576439226699355,3.8537205051848074,3.0469466107154872,2.229457533672531,1.4553726568113927,0.7402252101499793]","[{""real"":0.20121178410788615,""imag"":0.0,""abs"":0.20121178410788615},{""real"":0.016571922225336932,""imag"":0.0,""abs"":0.016571922225336932},{""real"":0.007418625406116996,""imag"":0.0,""abs"":0.007418625406116996},{""real"":0.006183844022301654,""imag"":0.0,""abs"":0.006183844022301654},{""real"":0.7847429045834249,""imag"":0.21561837778832285,""abs"":0.8138259710368662},{""real"":0.7847429045834249,""imag"":-0.21561837778832285,""abs"":0.8138259710368662},{""real"":0.9826138691599915,""imag"":0.08348681692011505,""abs"":0.9861541788508639},{""real"":0.9826138691599915,""imag"":-0.08348681692011505,""abs"":0.9861541788508639},{""real"":0.8784534471749275,""imag"":0.0,""abs"":0.8784534471749275},{""real"":0.9395794714605006,""imag"":0.04097793420708465,""abs"":0.940472633457175},{""real"":0.9395794714605006,""imag"":-0.04097793420708465,""abs"":0.940472633457175},{""real"":0.9323453938172591,""imag"":0.0,""abs"":0.9323453938172591},{""real"":0.9745846217526041,""imag"":0.0,""abs"":0.9745846217526041},{""real"":0.9688502305455705,""imag"":0.0,""abs"":0.9688502305455705},{""real"":0.9146707743835251,""imag"":0.044288017038437835,""abs"":0.9157423513000555},{""real"":0.9146707743835251,""imag"":-0.044288017038437835,""abs"":0.9157423513000555}]",True,0.986154178850864,7.998037883820033e-11,False,True,0.2777152587521261,0.16478218835934288,0.16746910759733513,0.1309127535391128,0.04736515838873558
